game,date,age,team,opp,result,mp,fg,fga,fgp,three,threeatt,threep,ft,fta,ftp,orb,drb,trb,ast,stl,blk,tov,pts,game_score,minus_plus,wl,point_difference
4,2003-11-05,18-310,CLE,DEN,L (-4),41:00,3,11,0.273,0,2,0.0,1,1,1.0,2,9,11,7,2,3,2,7,11.2,-3,L,4
5,2003-11-07,18-312,CLE,IND,L (-1),44:00,8,18,0.444,1,2,0.5,6,7,0.857,0,5,5,3,0,0,7,23,9.0,-7,L,1
8,2003-11-12,18-317,CLE,MIA,L (-5),42:00,6,15,0.4,2,5,0.4,4,6,0.667,1,2,3,7,2,1,4,18,12.8,-4,L,5
10,2003-11-15,18-320,CLE,PHI,W (+3),47:00,10,19,0.526,0,1,0.0,2,4,0.5,0,5,5,8,1,2,5,22,15.6,8,W,3
16,2003-11-28,18-333,CLE,DET,L (-4),36:00,2,8,0.25,0,2,0.0,2,3,0.667,0,2,2,7,0,0,4,6,1.1,-10,L,4
25,2003-12-17,18-352,CLE,HOU,L (-4),36:00,7,19,0.368,2,4,0.5,1,2,0.5,0,1,1,3,0,0,2,17,5.7,-9,L,4
32,2003-12-30,19-000,CLE,IND,L (-3),38:00,9,20,0.45,0,4,0.0,4,6,0.667,2,8,10,4,0,0,4,22,12.6,-2,L,3
41,2004-01-26,19-027,CLE,ORL,W (+1),30:00,7,19,0.368,1,2,0.5,1,2,0.5,0,5,5,3,0,2,3,16,5.5,-10,W,1
42,2004-01-28,19-029,CLE,MIA,W (+1),44:00,10,25,0.4,0,1,0.0,7,10,0.7,0,5,5,4,2,1,1,27,17.9,2,W,1
44,2004-02-01,19-033,CLE,WAS,W (+4),43:00,14,27,0.519,1,2,0.5,9,11,0.818,3,3,6,4,0,2,6,38,23.5,0,W,4
45,2004-02-03,19-035,CLE,DET,W (+3),38:00,5,19,0.263,0,1,0.0,2,2,1.0,1,3,4,6,2,0,1,12,6.7,-1,W,3
46,2004-02-04,19-036,CLE,LAL,L (-5),43:00,12,26,0.462,4,4,1.0,4,5,0.8,0,4,4,4,0,0,0,32,22.2,-2,L,5
52,2004-02-20,19-052,CLE,SAS,W (+2),39:00,14,23,0.609,0,0,,4,4,1.0,2,9,11,2,2,1,2,32,27.7,3,W,2
54,2004-02-23,19-055,CLE,NOH,W (+4),36:00,7,16,0.438,1,5,0.2,6,6,1.0,0,4,4,6,2,5,1,21,21.3,4,W,4
56,2004-02-27,19-059,CLE,ORL,W (+5),49:00,11,19,0.579,1,1,1.0,7,8,0.875,1,10,11,3,3,1,5,30,24.8,7,W,5
59,2004-03-05,19-066,CLE,NOH,W (+3),37:00,7,17,0.412,2,2,1.0,3,4,0.75,2,4,6,4,2,0,4,19,10.9,1,W,3
63,2004-03-14,19-075,CLE,IND,W (+3),44:00,12,22,0.545,0,2,0.0,2,4,0.5,0,3,3,4,3,1,4,26,16.8,5,W,3
69,2004-03-27,19-088,CLE,NJN,W (+3),43:00,15,29,0.517,1,2,0.5,10,10,1.0,2,4,6,13,3,0,2,41,39.0,10,W,3
73,2004-04-03,19-095,CLE,GSW,L (-3),46:00,12,28,0.429,3,5,0.6,7,11,0.636,3,5,8,10,1,1,3,34,26.5,-3,L,3
74,2004-04-06,19-098,CLE,TOR,L (-1),46:00,5,17,0.294,0,0,,11,14,0.786,1,5,6,4,3,0,3,21,14.1,2,L,1
78,2004-04-12,19-104,CLE,MIL,W (+4),45:00,9,20,0.45,1,4,0.25,8,11,0.727,1,6,7,9,2,0,1,27,24.8,11,W,4
1,2004-11-03,19-309,CLE,IND,L (-5),50:00,8,19,0.421,2,5,0.4,10,12,0.833,1,4,5,8,1,3,6,28,20.9,-10,L,5
5,2004-11-10,19-316,CLE,PHO,W (+5),48:00,13,24,0.542,1,2,0.5,11,12,0.917,3,7,10,6,3,3,3,38,36.1,14,W,5
12,2004-11-26,19-332,CLE,BOS,W (+2),43:00,9,13,0.692,0,2,0.0,2,3,0.667,0,6,6,8,3,1,2,20,22.4,6,W,2
26,2004-12-22,19-358,CLE,NJN,L (-2),42:00,7,18,0.389,1,1,1.0,8,10,0.8,1,8,9,9,1,0,4,23,18.0,-3,L,2
33,2005-01-11,20-012,CLE,CHA,W (+2),49:00,11,24,0.458,2,5,0.4,5,7,0.714,1,7,8,9,2,1,8,29,19.2,7,W,2
34,2005-01-13,20-014,CLE,LAL,L (-4),44:00,12,26,0.462,1,4,0.25,3,4,0.75,3,10,13,9,1,1,4,28,22.9,-1,L,4
41,2005-01-26,20-027,CLE,MEM,W (+3),42:00,10,16,0.625,4,6,0.667,3,4,0.75,1,8,9,15,3,2,5,27,32.0,7,W,3
42,2005-02-01,20-033,CLE,ORL,L (-3),43:00,10,20,0.5,0,3,0.0,8,13,0.615,2,3,5,7,0,1,3,28,20.1,-3,L,3
46,2005-02-11,20-043,CLE,DEN,L (-5),43:00,12,29,0.414,1,6,0.167,10,12,0.833,2,4,6,6,1,0,4,35,21.7,-13,L,5
53,2005-02-28,20-060,CLE,SAS,L (-2),45:00,6,22,0.273,1,4,0.25,7,10,0.7,1,7,8,7,0,0,2,20,10.3,2,L,2
66,2005-03-28,20-088,CLE,NOH,W (+1),53:00,16,29,0.552,3,10,0.3,9,11,0.818,2,4,6,3,4,0,10,44,26.8,1,W,1
73,2005-04-08,20-099,CLE,PHI,L (-5),48:00,12,30,0.4,2,6,0.333,11,11,1.0,4,9,13,7,5,0,5,37,30.8,-5,L,5
78,2005-04-17,20-108,CLE,DET,L (-3),45:00,12,35,0.343,2,7,0.286,11,14,0.786,3,8,11,6,0,1,1,37,24.5,-6,L,3
10,2005-11-19,20-324,CLE,PHI,W (+3),46:51,14,24,0.583,0,2,0.0,8,10,0.8,2,9,11,10,1,1,5,36,31.4,8,W,3
13,2005-11-26,20-331,CLE,MIN,L (-4),44:04,13,29,0.448,6,11,0.545,6,6,1.0,2,3,5,2,4,0,2,38,27.8,-3,L,4
17,2005-12-06,20-341,CLE,SAC,W (+5),44:19,10,23,0.435,1,5,0.2,9,12,0.75,2,4,6,6,2,3,5,30,21.8,3,W,5
19,2005-12-10,20-345,CLE,MIL,L (-5),42:48,19,29,0.655,5,9,0.556,9,10,0.9,0,7,7,7,2,0,3,52,42.9,-3,L,5
25,2005-12-23,20-358,CLE,IND,W (+5),43:51,4,16,0.25,0,1,0.0,6,11,0.545,1,7,8,9,1,0,3,14,9.1,1,W,5
27,2005-12-27,20-362,CLE,NJN,L (-5),40:18,12,21,0.571,1,5,0.2,6,9,0.667,1,9,10,8,2,0,4,31,25.7,-2,L,5
33,2006-01-12,21-013,CLE,LAL,L (-1),40:06,11,22,0.5,2,3,0.667,4,9,0.444,0,2,2,9,0,0,5,28,16.1,5,L,1
35,2006-01-15,21-016,CLE,POR,L (-2),41:19,10,26,0.385,1,5,0.2,8,11,0.727,2,11,13,7,1,3,2,29,23.1,12,L,2
36,2006-01-18,21-019,CLE,DEN,L (-1),41:35,7,20,0.35,2,6,0.333,8,15,0.533,2,9,11,9,0,0,2,24,16.4,-3,L,1
41,2006-01-27,21-028,CLE,IND,W (+4),45:06,12,23,0.522,1,2,0.5,5,8,0.625,1,6,7,9,3,1,6,30,23.6,4,W,4
46,2006-02-04,21-036,CLE,PHI,L (-5),47:11,10,17,0.588,2,7,0.286,9,10,0.9,2,2,4,6,2,1,4,31,27.6,-7,L,5
47,2006-02-06,21-038,CLE,MIL,W (+3),45:21,9,20,0.45,2,7,0.286,2,4,0.5,0,9,9,12,0,2,4,22,17.7,-3,W,3
52,2006-02-15,21-047,CLE,BOS,W (+4),53:55,16,32,0.5,0,5,0.0,11,15,0.733,1,11,12,11,2,4,2,43,37.9,5,W,4
59,2006-03-02,21-062,CLE,CHI,W (+1),46:37,11,27,0.407,0,3,0.0,11,13,0.846,2,9,11,8,0,1,5,33,21.5,4,W,1
62,2006-03-08,21-068,CLE,TOR,W (+1),44:17,13,24,0.542,1,3,0.333,8,12,0.667,1,5,6,6,1,0,0,35,28.4,-4,W,1
65,2006-03-14,21-074,CLE,DAL,L (-4),44:58,14,27,0.519,0,2,0.0,8,8,1.0,1,11,12,5,0,2,4,36,27.2,-8,L,4
67,2006-03-19,21-079,CLE,LAL,W (+1),46:52,10,24,0.417,3,4,0.75,6,10,0.6,1,7,8,7,1,0,7,29,15.1,0,W,1
68,2006-03-22,21-082,CLE,CHA,W (+2),50:11,10,21,0.476,1,5,0.2,16,23,0.696,0,11,11,12,0,1,5,37,29.3,5,W,2
70,2006-03-26,21-086,CLE,HOU,W (+2),48:56,14,34,0.412,0,4,0.0,8,11,0.727,3,3,6,5,2,0,2,36,22.3,4,W,2
73,2006-04-02,21-093,CLE,CHA,W (+4),41:17,13,24,0.542,2,5,0.4,7,9,0.778,1,11,12,8,1,2,3,35,29.6,2,W,4
75,2006-04-05,21-096,CLE,NYK,L (-2),44:48,12,24,0.5,4,7,0.571,8,14,0.571,0,2,2,7,3,0,5,36,23.9,-2,L,2
77,2006-04-10,21-101,CLE,NOK,W (+2),42:07,12,24,0.5,0,3,0.0,8,12,0.667,1,3,4,6,0,0,2,32,21.8,3,W,2
1,2006-11-01,21-306,CLE,WAS,W (+3),40:38,11,24,0.458,2,4,0.5,2,6,0.333,3,7,10,5,0,2,5,26,15.3,3,W,3
3,2006-11-04,21-309,CLE,CHA,L (-4),38:06,3,13,0.231,1,3,0.333,9,10,0.9,4,5,9,7,0,1,2,16,15.6,-3,L,4
6,2006-11-11,21-316,CLE,BOS,W (+1),43:32,9,17,0.529,1,4,0.25,19,23,0.826,1,7,8,5,3,0,2,38,33.8,6,W,1
11,2006-11-21,21-326,CLE,MEM,W (+3),41:59,7,21,0.333,1,5,0.2,0,1,0.0,0,1,1,9,3,1,3,15,9.6,3,W,3
15,2006-11-29,21-334,CLE,NYK,L (-3),41:11,10,22,0.455,0,5,0.0,7,11,0.636,1,6,7,6,0,1,5,27,16.0,-4,L,3
18,2006-12-06,21-341,CLE,TOR,W (+4),40:30,11,18,0.611,1,2,0.5,3,5,0.6,1,5,6,10,1,0,4,26,22.8,2,W,4
21,2006-12-13,21-348,CLE,CHA,W (+3),41:37,6,17,0.353,0,2,0.0,10,11,0.909,1,7,8,7,1,1,6,22,15.1,3,W,3
24,2006-12-20,21-355,CLE,NJN,L (-2),40:11,10,22,0.455,1,3,0.333,16,21,0.762,0,1,1,8,2,1,3,37,27.6,8,L,2
26,2006-12-23,21-358,CLE,ORL,W (+3),42:54,13,21,0.619,2,3,0.667,4,10,0.4,0,7,7,1,0,0,7,32,15.5,3,W,3
30,2007-01-02,22-003,CLE,SAS,W (+4),40:14,7,17,0.412,0,1,0.0,5,11,0.455,0,5,5,5,2,0,3,19,11.1,6,W,4
31,2007-01-03,22-004,CLE,BOS,W (+3),44:47,11,20,0.55,2,3,0.667,8,10,0.8,1,5,6,4,3,1,3,32,27.3,3,W,3
33,2007-01-06,22-007,CLE,NJN,W (+5),44:00,9,21,0.429,1,3,0.333,0,0,,0,13,13,4,3,3,5,19,13.1,4,W,5
37,2007-01-16,22-017,CLE,SEA,L (-5),43:34,8,21,0.381,1,7,0.143,13,15,0.867,1,6,7,8,2,1,4,30,24.5,-7,L,5
40,2007-01-20,22-021,CLE,GSW,W (+2),45:52,14,22,0.636,2,7,0.286,2,5,0.4,0,7,7,5,4,0,9,32,20.8,5,W,2
42,2007-01-24,22-025,CLE,PHI,L (-3),53:10,14,26,0.538,3,8,0.375,8,13,0.615,2,8,10,5,1,0,4,39,27.9,-8,L,3
44,2007-02-01,22-033,CLE,MIA,L (-3),35:35,6,18,0.333,2,7,0.286,3,8,0.375,1,5,6,9,1,0,2,17,10.7,-12,L,3
50,2007-02-14,22-046,CLE,UTA,L (-1),42:39,9,25,0.36,0,3,0.0,5,9,0.556,3,7,10,4,1,3,0,23,16.8,10,L,1
52,2007-02-21,22-053,CLE,TOR,W (+1),36:49,12,25,0.48,0,1,0.0,5,5,1.0,0,4,4,2,1,1,3,29,16.4,5,W,1
54,2007-02-25,22-057,CLE,MIA,L (-5),41:30,10,22,0.455,2,5,0.4,7,12,0.583,0,3,3,7,0,1,2,29,19.3,6,L,5
56,2007-03-01,22-061,CLE,DAL,L (-3),39:58,17,27,0.63,1,4,0.25,4,8,0.5,0,3,3,5,0,0,2,39,26.9,-2,L,3
59,2007-03-07,22-067,CLE,DET,W (+4),50:40,17,31,0.548,1,3,0.333,6,8,0.75,2,5,7,8,3,1,4,41,31.9,8,W,4
60,2007-03-10,22-070,CLE,MIL,W (+2),36:30,12,22,0.545,4,6,0.667,4,4,1.0,0,8,8,9,3,1,6,32,25.8,15,W,2
69,2007-03-28,22-088,CLE,NYK,L (-4),43:55,6,20,0.3,2,5,0.4,10,14,0.714,1,5,6,7,2,0,3,24,15.7,3,L,4
70,2007-03-31,22-091,CLE,CHI,W (+4),47:24,14,25,0.56,0,3,0.0,11,13,0.846,1,4,5,9,3,0,7,39,28.9,4,W,4
72,2007-04-05,22-096,CLE,MIA,L (-4),48:36,11,21,0.524,2,5,0.4,11,13,0.846,2,7,9,5,0,0,4,35,25.3,3,L,4
73,2007-04-06,22-097,CLE,WAS,W (+5),44:25,7,23,0.304,0,3,0.0,11,14,0.786,0,6,6,5,1,1,2,25,14.3,5,W,5
74,2007-04-08,22-099,CLE,DET,L (-5),43:06,5,16,0.313,1,4,0.25,9,11,0.818,1,4,5,6,1,0,5,20,11.3,-11,L,5
2,2007-11-02,22-307,CLE,NYK,W (+4),44:25,13,28,0.464,3,5,0.6,16,22,0.727,3,4,7,7,3,1,3,45,36.7,4,W,4
4,2007-11-06,22-311,CLE,GSW,W (+4),41:51,9,16,0.563,1,2,0.5,5,7,0.714,1,12,13,9,0,3,2,24,25.9,4,W,4
5,2007-11-07,22-312,CLE,UTA,L (-2),40:45,12,27,0.444,1,4,0.25,7,15,0.467,2,13,15,13,3,2,4,32,27.9,4,L,2
6,2007-11-09,22-314,CLE,SAC,W (+2),43:51,10,19,0.526,0,2,0.0,6,8,0.75,0,4,4,4,1,1,1,26,20.2,-1,W,2
9,2007-11-14,22-319,CLE,ORL,L (-1),47:14,15,27,0.556,2,4,0.5,7,9,0.778,4,9,13,14,0,2,4,39,37.6,2,L,1
10,2007-11-16,22-321,CLE,UTA,W (+5),40:16,13,27,0.481,1,3,0.333,13,15,0.867,2,8,10,9,0,3,5,40,31.5,13,W,5
11,2007-11-20,22-325,CLE,MIL,L (-4),44:06,11,22,0.5,1,7,0.143,11,12,0.917,0,7,7,7,1,1,3,34,26.7,-2,L,4
13,2007-11-24,22-329,CLE,TOR,W (+3),44:41,14,29,0.483,2,8,0.25,7,8,0.875,3,9,12,12,3,1,4,37,33.6,7,W,3
14,2007-11-25,22-330,CLE,IND,W (+5),35:47,10,21,0.476,1,6,0.167,9,15,0.6,3,8,11,10,4,1,2,30,30.7,9,W,5
15,2007-11-27,22-332,CLE,BOS,W (+5),45:46,11,25,0.44,2,8,0.25,14,15,0.933,0,4,4,13,2,2,3,38,34.4,14,W,5
20,2007-12-17,22-352,CLE,MIL,W (+5),50:13,10,25,0.4,0,5,0.0,11,13,0.846,1,7,8,5,1,0,2,31,20.8,6,W,5
22,2007-12-20,22-355,CLE,LAL,W (+4),38:28,12,29,0.414,0,3,0.0,9,11,0.818,4,6,10,5,1,1,3,33,22.3,-7,W,4
27,2008-01-02,23-003,CLE,ATL,W (+4),40:05,13,22,0.591,1,3,0.333,9,11,0.818,1,4,5,6,2,1,2,36,31.4,7,W,4
28,2008-01-04,23-005,CLE,SAC,W (+4),45:21,7,18,0.389,1,6,0.167,9,12,0.75,1,7,8,10,5,1,3,24,25.1,7,W,4
29,2008-01-06,23-007,CLE,TOR,W (+3),45:44,14,29,0.483,4,8,0.5,7,12,0.583,3,8,11,8,0,0,1,39,31.0,-1,W,3
34,2008-01-17,23-018,CLE,SAS,W (+2),38:54,9,24,0.375,1,5,0.2,8,12,0.667,3,6,9,7,0,2,3,27,19.0,-11,W,2
37,2008-01-25,23-026,CLE,PHO,L (-2),39:26,14,30,0.467,0,1,0.0,8,10,0.8,2,5,7,5,2,0,1,36,26.0,-12,L,2
38,2008-01-27,23-028,CLE,LAL,W (+3),44:08,16,32,0.5,1,5,0.2,8,12,0.667,3,6,9,4,2,0,5,41,25.5,-3,W,3
39,2008-01-30,23-031,CLE,POR,W (+1),43:53,13,29,0.448,3,6,0.5,8,12,0.667,2,12,14,4,2,2,4,37,26.3,3,W,1
41,2008-02-05,23-037,CLE,BOS,W (+1),42:24,11,21,0.524,4,8,0.5,7,10,0.7,1,8,9,12,5,2,7,33,30.4,12,W,1
43,2008-02-08,23-040,CLE,ATL,W (+5),44:00,11,24,0.458,0,3,0.0,4,4,1.0,4,7,11,7,2,1,1,26,24.3,5,W,5
49,2008-02-22,23-054,CLE,WAS,W (+1),44:32,11,20,0.55,2,6,0.333,9,14,0.643,3,12,15,8,1,1,3,33,31.0,2,W,1
51,2008-02-26,23-058,CLE,MIL,L (-3),37:50,16,24,0.667,1,3,0.333,2,5,0.4,0,4,4,6,0,1,2,35,26.3,-2,L,3
52,2008-02-27,23-059,CLE,BOS,L (-5),39:00,7,24,0.292,1,6,0.167,11,15,0.733,4,4,8,4,0,0,3,26,13.4,-13,L,5
59,2008-03-12,23-073,CLE,NJN,L (-5),45:41,12,23,0.522,2,7,0.286,16,23,0.696,3,8,11,7,1,2,6,42,31.7,-4,L,5
60,2008-03-13,23-074,CLE,WAS,L (-2),43:23,9,22,0.409,1,7,0.143,6,8,0.75,2,5,7,7,0,0,7,25,11.6,3,L,2
66,2008-03-26,23-087,CLE,NOH,L (-1),40:33,6,14,0.429,1,2,0.5,8,10,0.8,0,3,3,8,2,2,2,21,19.9,-3,L,1
68,2008-03-30,23-091,CLE,PHI,W (+3),41:47,11,18,0.611,1,2,0.5,3,3,1.0,3,6,9,9,3,1,1,26,29.1,7,W,3
69,2008-04-02,23-094,CLE,CHA,W (+4),31:13,11,19,0.579,1,4,0.25,6,6,1.0,2,2,4,5,3,2,4,29,23.6,3,W,4
70,2008-04-03,23-095,CLE,CHI,L (-3),38:30,10,24,0.417,3,7,0.429,10,14,0.714,0,5,5,4,2,2,3,33,21.7,-1,L,3
73,2008-04-11,23-103,CLE,CHI,L (-5),38:11,13,21,0.619,2,6,0.333,6,12,0.5,0,6,6,2,3,0,3,34,24.5,-10,L,5
75,2008-04-14,23-106,CLE,PHI,W (+1),41:41,10,18,0.556,1,2,0.5,6,12,0.5,1,3,4,5,2,1,5,27,17.6,-5,W,1
1,2008-10-28,23-303,CLE,BOS,L (-5),36:00,9,21,0.429,0,4,0.0,4,8,0.5,1,6,7,6,2,1,3,22,14.1,-3,L,5
6,2008-11-07,23-313,CLE,IND,W (+4),39:20,11,24,0.458,1,6,0.167,4,7,0.571,2,7,9,8,1,4,4,27,21.5,-3,W,4
24,2008-12-13,23-349,CLE,ATL,L (-5),45:40,10,19,0.526,2,7,0.286,11,12,0.917,2,4,6,9,4,1,1,33,35.1,1,L,5
29,2008-12-25,23-361,CLE,WAS,W (+4),38:13,6,13,0.462,0,2,0.0,6,10,0.6,0,5,5,6,3,1,3,18,15.7,-4,W,4
33,2009-01-04,24-005,CLE,WAS,L (-3),40:46,11,22,0.5,3,9,0.333,5,8,0.625,0,6,6,10,1,2,7,30,20.4,0,L,3
41,2009-01-23,24-024,CLE,GSW,W (+1),40:39,10,24,0.417,2,5,0.4,10,16,0.625,2,7,9,8,3,2,2,32,27.5,12,W,1
42,2009-01-24,24-025,CLE,UTA,W (+5),41:08,14,27,0.519,1,6,0.167,4,6,0.667,4,10,14,9,1,0,2,33,29.6,16,W,5
48,2009-02-04,24-036,CLE,NYK,W (+5),44:03,17,33,0.515,2,7,0.286,16,19,0.842,0,9,9,11,0,2,3,52,42.9,7,W,5
50,2009-02-10,24-042,CLE,IND,L (-1),41:10,15,21,0.714,4,7,0.571,13,14,0.929,0,7,7,4,1,1,7,47,37.1,7,L,1
58,2009-03-01,24-061,CLE,ATL,W (+1),43:43,8,20,0.4,2,7,0.286,8,14,0.571,1,5,6,11,1,2,0,26,23.9,4,W,1
63,2009-03-10,24-070,CLE,LAC,W (+4),43:42,10,23,0.435,0,6,0.0,12,16,0.75,4,9,13,11,2,2,4,32,30.1,7,W,4
65,2009-03-13,24-073,CLE,SAC,W (+3),46:59,16,30,0.533,4,11,0.364,15,17,0.882,0,4,4,9,2,3,3,51,43.4,6,W,3
66,2009-03-15,24-075,CLE,NYK,W (+5),39:52,9,17,0.529,0,3,0.0,1,3,0.333,1,7,8,10,4,3,3,19,22.4,-1,W,5
67,2009-03-17,24-077,CLE,ORL,W (+4),42:40,15,27,0.556,4,7,0.571,9,10,0.9,2,10,12,8,4,1,6,43,38.0,5,W,4
68,2009-03-19,24-079,CLE,POR,W (+5),46:47,10,22,0.455,0,3,0.0,6,11,0.545,0,11,11,10,1,2,0,26,23.7,-1,W,5
6,2009-11-05,24-310,CLE,CHI,L (-1),38:13,9,17,0.529,1,4,0.25,6,9,0.667,0,7,7,6,1,1,3,25,20.5,-1,L,1
10,2009-11-14,24-319,CLE,UTA,W (+4),37:33,6,15,0.4,0,3,0.0,9,12,0.75,0,6,6,9,2,1,2,21,20.1,6,W,4
21,2009-12-08,24-343,CLE,MEM,L (-2),44:47,14,29,0.483,4,11,0.364,11,12,0.917,4,9,13,6,0,1,5,43,32.5,6,L,2
23,2009-12-11,24-346,CLE,POR,W (+5),37:36,14,24,0.583,1,2,0.5,4,6,0.667,1,6,7,7,1,2,4,33,26.4,8,W,5
27,2009-12-18,24-353,CLE,MIL,W (+3),38:22,6,13,0.462,2,4,0.5,12,14,0.857,1,9,10,8,0,3,6,26,23.2,3,W,3
34,2009-12-30,25-000,CLE,ATL,W (+5),43:12,15,23,0.652,4,6,0.667,14,16,0.875,3,7,10,6,2,2,3,48,44.7,7,W,5
36,2010-01-03,25-004,CLE,CHA,L (-3),42:51,13,21,0.619,2,6,0.333,1,2,0.5,0,7,7,6,1,1,1,29,24.9,-2,L,3
38,2010-01-08,25-009,CLE,DEN,L (-2),41:18,12,28,0.429,2,8,0.25,9,13,0.692,2,4,6,7,1,0,8,35,18.7,6,L,2
40,2010-01-11,25-012,CLE,GSW,W (+3),41:37,12,23,0.522,1,4,0.25,12,14,0.857,1,7,8,11,2,4,2,37,37.8,12,W,3
41,2010-01-14,25-015,CLE,UTA,L (-1),40:25,12,20,0.6,4,6,0.667,8,12,0.667,1,8,9,6,5,1,5,36,32.8,7,L,1
42,2010-01-16,25-017,CLE,LAC,W (+1),38:54,12,20,0.6,3,6,0.5,5,7,0.714,2,2,4,4,2,1,5,32,23.3,-1,W,1
45,2010-01-23,25-024,CLE,OKC,W (+1),42:38,9,19,0.474,6,10,0.6,13,19,0.684,0,9,9,12,1,1,6,37,30.9,-1,W,1
46,2010-01-25,25-026,CLE,MIA,W (+1),38:31,9,23,0.391,2,9,0.222,12,17,0.706,0,9,9,4,1,0,4,32,18.8,1,W,1
55,2010-02-18,25-050,CLE,DEN,L (-2),47:00,15,33,0.455,1,9,0.111,12,17,0.706,1,12,13,15,2,4,3,43,40.1,-5,L,2
64,2010-03-12,25-072,CLE,PHI,W (+5),42:06,7,18,0.389,3,10,0.3,6,12,0.5,0,6,6,10,1,3,1,23,20.9,2,W,5
67,2010-03-17,25-077,CLE,IND,W (+5),38:43,11,24,0.458,2,4,0.5,8,10,0.8,1,8,9,9,3,2,6,32,25.8,14,W,5
71,2010-03-26,25-086,CLE,SAS,L (-5),39:18,11,21,0.524,1,6,0.167,4,7,0.571,0,5,5,10,2,0,5,27,20.2,-5,L,5
73,2010-03-31,25-091,CLE,MIL,W (+3),39:05,7,17,0.412,0,1,0.0,9,13,0.692,1,8,9,7,1,1,4,23,17.2,10,W,3
74,2010-04-02,25-093,CLE,ATL,W (+5),38:22,11,20,0.55,1,3,0.333,4,7,0.571,0,13,13,6,2,0,2,27,23.9,11,W,5
75,2010-04-04,25-095,CLE,BOS,L (-4),44:32,14,31,0.452,0,9,0.0,14,22,0.636,1,6,7,9,1,1,3,42,30.2,-1,L,4
6,2010-11-05,25-310,MIA,NOH,L (-3),41:12,6,16,0.375,1,2,0.5,7,8,0.875,0,7,7,10,3,1,3,20,20.6,-6,L,3
8,2010-11-09,25-314,MIA,UTA,L (-2),46:44,5,18,0.278,0,1,0.0,10,11,0.909,2,9,11,14,1,3,2,20,22.8,4,L,2
9,2010-11-11,25-316,MIA,BOS,L (-5),44:28,9,21,0.429,0,5,0.0,17,22,0.773,0,10,10,9,3,0,4,35,29.0,0,L,5
13,2010-11-20,25-325,MIA,MEM,L (-2),42:06,11,23,0.478,2,4,0.5,5,6,0.833,0,3,3,11,1,0,4,29,21.7,-1,L,2
29,2010-12-18,25-353,MIA,WAS,W (+1),40:31,9,19,0.474,3,7,0.429,11,12,0.917,1,6,7,6,1,0,4,32,24.4,6,W,1
30,2010-12-20,25-355,MIA,DAL,L (-2),36:05,6,17,0.353,2,4,0.5,5,7,0.714,3,7,10,7,0,0,5,19,11.2,-20,L,2
41,2011-01-18,26-019,MIA,ATL,L (-4),44:17,11,30,0.367,2,10,0.2,10,11,0.909,2,8,10,7,2,0,6,34,20.5,-5,L,4
43,2011-01-27,26-028,MIA,NYK,L (-5),42:32,7,24,0.292,0,2,0.0,10,12,0.833,2,9,11,5,2,2,4,24,15.0,5,L,5
44,2011-01-28,26-029,MIA,DET,W (+1),44:19,15,25,0.6,2,4,0.5,7,10,0.7,0,8,8,9,1,2,3,39,34.0,4,W,1
45,2011-01-30,26-031,MIA,OKC,W (+5),40:13,7,14,0.5,2,5,0.4,7,11,0.636,0,4,4,13,4,3,4,23,25.6,6,W,5
47,2011-02-03,26-035,MIA,ORL,W (+4),42:39,17,25,0.68,3,5,0.6,14,17,0.824,2,9,11,8,1,1,3,51,46.7,2,W,4
50,2011-02-08,26-040,MIA,IND,W (+5),41:44,15,23,0.652,2,5,0.4,9,13,0.692,3,10,13,8,3,1,4,41,39.3,18,W,5
52,2011-02-13,26-045,MIA,BOS,L (-3),43:28,10,21,0.476,0,2,0.0,2,3,0.667,1,6,7,7,1,0,4,22,14.5,1,L,3
56,2011-02-24,26-056,MIA,CHI,L (-4),41:26,12,21,0.571,0,4,0.0,5,6,0.833,0,10,10,5,2,1,2,29,25.5,3,L,4
58,2011-02-27,26-059,MIA,NYK,L (-5),39:08,10,20,0.5,1,5,0.2,6,8,0.75,0,7,7,5,3,1,5,27,19.7,-3,L,5
59,2011-03-03,26-063,MIA,ORL,L (-3),39:56,11,16,0.688,0,2,0.0,7,7,1.0,2,4,6,4,0,2,2,29,26.2,0,L,3
61,2011-03-06,26-066,MIA,CHI,L (-1),41:50,10,18,0.556,1,2,0.5,5,6,0.833,3,5,8,6,2,0,2,26,24.0,-4,L,1
68,2011-03-19,26-079,MIA,DEN,W (+5),40:40,15,25,0.6,1,4,0.25,2,2,1.0,0,6,6,2,2,0,5,33,20.5,16,W,5
76,2011-04-06,26-097,MIA,MIL,L (-5),39:25,10,22,0.455,3,7,0.429,6,8,0.75,1,1,2,8,2,2,4,29,22.0,-10,L,5
3,2011-12-28,26-363,MIA,CHA,W (+1),38:49,13,23,0.565,0,0,,9,9,1.0,0,6,6,7,3,2,2,35,33.2,5,W,1
4,2011-12-30,27-000,MIA,MIN,W (+2),37:13,16,26,0.615,0,1,0.0,2,4,0.5,1,7,8,10,4,1,4,34,31.1,14,W,2
9,2012-01-10,27-011,MIA,GSW,L (-5),42:33,10,19,0.526,0,2,0.0,6,8,0.75,1,10,11,7,2,0,5,26,21.1,-5,L,5
17,2012-01-25,27-026,MIA,DET,W (+3),41:39,9,20,0.45,1,3,0.333,13,14,0.929,1,5,6,7,2,0,4,32,25.1,6,W,3
19,2012-01-29,27-030,MIA,CHI,W (+4),40:58,12,23,0.522,1,1,1.0,10,15,0.667,1,10,11,5,0,1,6,35,22.8,3,W,4
35,2012-03-02,27-063,MIA,UTA,L (-1),44:24,16,24,0.667,1,4,0.25,2,3,0.667,1,9,10,6,0,3,0,35,33.1,7,L,1
38,2012-03-07,27-068,MIA,ATL,W (+3),41:40,12,20,0.6,0,3,0.0,7,10,0.7,4,7,11,2,1,2,2,31,26.9,7,W,3
39,2012-03-10,27-071,MIA,IND,W (+2),47:06,8,19,0.421,2,3,0.667,9,15,0.6,1,7,8,4,4,1,4,27,20.4,3,W,2
41,2012-03-14,27-075,MIA,CHI,L (-4),39:38,14,25,0.56,2,3,0.667,5,5,1.0,1,4,5,4,4,0,2,35,29.0,5,L,4
44,2012-03-20,27-081,MIA,PHO,W (+4),37:54,8,18,0.444,0,3,0.0,4,6,0.667,1,7,8,6,2,2,3,20,16.4,15,W,4
52,2012-04-04,27-096,MIA,OKC,W (+5),41:30,10,20,0.5,3,7,0.429,11,13,0.846,1,6,7,10,4,1,2,34,34.6,20,W,5
59,2012-04-16,27-108,MIA,NJN,W (+3),35:12,11,19,0.579,1,2,0.5,14,15,0.933,1,5,6,7,2,1,4,37,32.7,-4,W,3
3,2012-11-03,27-309,MIA,DEN,W (+3),39:12,8,17,0.471,0,1,0.0,4,4,1.0,1,8,9,11,0,2,0,20,22.7,7,W,3
8,2012-11-12,27-318,MIA,HOU,W (+3),39:55,14,26,0.538,5,8,0.625,5,8,0.625,1,9,10,6,0,0,0,38,31.4,8,W,3
10,2012-11-15,27-321,MIA,DEN,W (+5),41:57,11,23,0.478,0,1,0.0,5,6,0.833,1,6,7,12,1,3,4,27,24.9,9,W,5
13,2012-11-24,27-330,MIA,CLE,W (+2),39:58,10,16,0.625,2,5,0.4,8,9,0.889,1,5,6,5,0,1,7,30,20.6,7,W,2
14,2012-11-29,27-335,MIA,SAS,W (+5),39:06,9,16,0.563,2,5,0.4,3,6,0.5,3,6,9,7,4,0,4,23,22.2,-1,W,5
16,2012-12-04,27-340,MIA,WAS,L (-4),42:53,12,24,0.5,1,4,0.25,1,3,0.333,2,11,13,11,3,2,3,26,26.6,-3,L,4
20,2012-12-12,27-348,MIA,GSW,L (-2),42:21,12,23,0.522,2,4,0.5,5,5,1.0,1,2,3,5,1,0,4,31,21.5,-3,L,2
29,2012-12-31,28-001,MIA,ORL,W (+2),47:53,10,22,0.455,1,6,0.167,15,16,0.938,1,7,8,11,1,0,3,36,31.9,4,W,2
34,2013-01-10,28-011,MIA,POR,L (-2),42:39,6,16,0.375,1,5,0.2,2,5,0.4,0,10,10,9,2,1,4,15,11.8,-9,L,2
41,2013-01-27,28-028,MIA,BOS,L (-2),51:56,14,31,0.452,3,6,0.5,3,5,0.6,4,12,16,7,3,1,3,34,27.9,-2,L,2
45,2013-02-04,28-036,MIA,CHA,W (+5),38:00,13,14,0.929,0,0,,5,6,0.833,0,8,8,8,2,0,5,31,30.6,8,W,5
54,2013-02-24,28-056,MIA,CLE,W (+4),38:51,10,19,0.526,0,1,0.0,8,11,0.727,2,1,3,8,1,0,2,28,23.8,6,W,4
59,2013-03-06,28-066,MIA,ORL,W (+1),38:13,7,14,0.5,1,6,0.167,11,12,0.917,0,3,3,2,0,1,2,26,19.6,8,W,1
63,2013-03-13,28-073,MIA,PHI,W (+4),37:14,8,19,0.421,1,4,0.25,10,12,0.833,2,5,7,8,2,1,4,27,22.9,7,W,4
66,2013-03-18,28-078,MIA,BOS,W (+2),42:15,16,29,0.552,1,4,0.25,4,6,0.667,1,6,7,12,2,2,5,37,30.4,13,W,2
67,2013-03-20,28-080,MIA,CLE,W (+3),42:19,8,22,0.364,3,7,0.429,6,8,0.75,7,5,12,10,3,2,4,25,25.4,1,W,3
71,2013-03-27,28-087,MIA,CHI,L (-4),39:56,11,17,0.647,2,5,0.4,8,11,0.727,0,7,7,3,2,4,4,32,27.9,2,L,4
2,2013-10-30,28-304,MIA,PHI,L (-4),36:38,9,17,0.529,4,7,0.571,3,4,0.75,0,4,4,13,0,0,4,25,21.4,-8,L,4
3,2013-11-01,28-306,MIA,BRK,L (-1),42:14,11,19,0.579,1,2,0.5,3,5,0.6,1,6,7,6,2,1,5,26,19.9,-3,L,1
6,2013-11-07,28-312,MIA,LAC,W (+5),37:09,6,13,0.462,1,3,0.333,5,9,0.556,0,5,5,6,1,0,4,18,10.8,-1,W,5
7,2013-11-09,28-314,MIA,BOS,L (-1),36:32,9,13,0.692,0,0,,7,9,0.778,1,7,8,10,0,0,5,25,23.1,5,L,1
13,2013-11-23,28-328,MIA,ORL,W (+2),37:35,7,13,0.538,3,6,0.5,5,7,0.714,0,9,9,7,3,0,3,22,22.5,7,W,2
17,2013-12-01,28-336,MIA,CHA,W (+1),38:16,8,13,0.615,1,3,0.333,9,10,0.9,0,5,5,4,1,1,3,26,22.7,-4,W,1
25,2013-12-18,28-353,MIA,IND,W (+3),36:14,8,14,0.571,1,3,0.333,7,7,1.0,0,9,9,7,3,0,3,24,23.8,16,W,3
27,2013-12-23,28-358,MIA,ATL,W (+2),45:38,16,28,0.571,4,9,0.444,2,6,0.333,4,4,8,6,2,0,0,38,32.6,-4,W,2
29,2013-12-27,28-362,MIA,SAC,L (-5),43:43,12,23,0.522,4,9,0.444,5,6,0.833,0,8,8,8,0,0,2,33,26.1,-10,L,5
30,2013-12-30,29-000,MIA,DEN,W (+3),39:44,8,15,0.533,5,9,0.556,5,8,0.625,1,5,6,10,0,1,4,26,23.4,4,W,3
33,2014-01-05,29-006,MIA,TOR,W (+5),37:47,12,18,0.667,0,0,,6,7,0.857,1,3,4,5,1,0,1,30,26.5,1,W,5
47,2014-02-05,29-037,MIA,LAC,W (+4),40:47,11,20,0.55,3,7,0.429,6,8,0.75,1,7,8,12,3,1,7,31,27.7,3,W,4
48,2014-02-08,29-040,MIA,UTA,L (-5),39:21,4,13,0.308,1,6,0.167,4,6,0.667,0,7,7,5,0,0,5,13,4.5,0,L,5
50,2014-02-12,29-044,MIA,GSW,W (+1),42:16,14,26,0.538,4,8,0.5,4,7,0.571,1,12,13,9,2,0,2,36,32.4,-2,W,1
56,2014-03-04,29-064,MIA,HOU,L (-3),36:38,9,18,0.5,0,3,0.0,4,6,0.667,1,0,1,6,3,0,1,22,18.7,-15,L,3
60,2014-03-12,29-072,MIA,BRK,L (-1),38:03,6,13,0.462,1,4,0.25,6,9,0.667,0,5,5,7,3,0,5,19,15.1,2,L,1
61,2014-03-14,29-074,MIA,DEN,L (-4),39:50,8,17,0.471,0,4,0.0,5,7,0.714,0,6,6,6,1,0,4,21,13.3,-8,L,4
63,2014-03-18,29-078,MIA,CLE,W (+4),41:40,14,19,0.737,6,8,0.75,9,13,0.692,0,6,6,4,2,3,0,43,42.0,11,W,4
64,2014-03-21,29-081,MIA,MEM,W (+5),38:01,7,14,0.5,0,2,0.0,1,2,0.5,1,5,6,7,2,1,3,15,14.4,4,W,5
66,2014-03-24,29-084,MIA,POR,W (+2),38:22,13,23,0.565,0,1,0.0,6,9,0.667,4,2,6,5,4,0,5,32,25.0,4,W,2
67,2014-03-26,29-086,MIA,IND,L (-1),43:24,11,19,0.579,2,6,0.333,14,15,0.933,0,8,8,5,0,0,6,38,27.4,2,L,1
72,2014-04-04,29-095,MIA,MIN,L (-1),47:57,12,24,0.5,2,4,0.5,8,10,0.8,2,6,8,5,4,1,4,34,26.6,7,L,1
74,2014-04-08,29-099,MIA,BRK,L (-1),37:08,9,16,0.563,0,3,0.0,11,14,0.786,1,9,10,6,2,0,3,29,26.8,-2,L,1
75,2014-04-09,29-100,MIA,MEM,L (-5),41:22,14,23,0.609,3,5,0.6,6,7,0.857,1,5,6,5,2,0,5,37,28.4,-8,L,5
1,2014-10-30,29-304,CLE,NYK,L (-5),43:14,5,15,0.333,1,5,0.2,6,7,0.857,0,5,5,4,0,0,8,17,3.2,-13,L,5
4,2014-11-05,29-310,CLE,UTA,L (-2),42:02,8,18,0.444,3,5,0.6,12,12,1.0,0,3,3,4,3,0,4,31,23.5,3,L,2
7,2014-11-14,29-319,CLE,BOS,W (+1),40:51,16,27,0.593,3,8,0.375,6,9,0.667,0,4,4,7,0,1,3,41,29.5,10,W,1
10,2014-11-19,29-324,CLE,SAS,L (-2),34:06,6,17,0.353,2,3,0.667,1,1,1.0,3,3,6,9,1,1,5,15,10.3,-3,L,2
16,2014-12-02,29-337,CLE,MIL,W (+3),41:05,6,15,0.4,0,4,0.0,14,21,0.667,1,4,5,10,0,0,7,26,16.6,15,W,3
17,2014-12-04,29-339,CLE,NYK,W (+3),39:31,7,17,0.412,1,6,0.167,4,7,0.571,1,4,5,12,2,0,4,19,16.2,12,W,3
20,2014-12-09,29-344,CLE,TOR,W (+4),41:53,12,21,0.571,2,5,0.4,9,9,1.0,1,1,2,4,2,2,2,35,29.9,7,W,4
21,2014-12-12,29-347,CLE,NOP,L (-5),37:37,17,24,0.708,2,2,1.0,5,8,0.625,0,5,5,5,0,1,2,41,33.1,-3,L,5
24,2014-12-19,29-354,CLE,BRK,W (+4),39:56,7,18,0.389,2,4,0.5,6,8,0.75,1,3,4,9,2,0,4,22,15.7,-5,W,4
32,2015-01-16,30-017,CLE,LAC,W (+5),42:29,11,23,0.478,3,8,0.375,7,12,0.583,0,11,11,7,3,0,9,32,18.9,8,W,5
42,2015-02-06,30-038,CLE,IND,L (-4),38:34,10,21,0.476,0,4,0.0,5,8,0.625,0,6,6,5,2,1,7,25,12.9,-3,L,4
50,2015-03-01,30-061,CLE,HOU,L (-2),42:06,15,35,0.429,4,12,0.333,3,11,0.273,2,6,8,4,3,3,4,37,20.8,-8,L,2
56,2015-03-12,30-072,CLE,SAS,W (+3),43:43,10,20,0.5,3,6,0.5,8,10,0.8,0,5,5,7,2,1,3,31,25.5,3,W,3
60,2015-03-20,30-080,CLE,IND,W (+3),39:18,13,26,0.5,2,6,0.333,1,2,0.5,0,7,7,5,0,0,3,29,18.2,-7,W,3
64,2015-03-29,30-089,CLE,PHI,W (+1),37:53,8,24,0.333,1,4,0.25,3,6,0.5,2,9,11,6,0,1,5,20,9.2,-4,W,1
66,2015-04-05,30-096,CLE,CHI,W (+5),36:31,8,17,0.471,1,3,0.333,3,6,0.5,2,8,10,12,3,1,3,20,21.4,10,W,5
67,2015-04-08,30-099,CLE,MIL,W (+5),39:51,8,15,0.533,2,5,0.4,3,4,0.75,2,7,9,8,1,1,2,21,21.3,0,W,5
1,2015-10-27,30-301,CLE,CHI,L (-2),36:04,12,22,0.545,1,5,0.2,0,3,0.0,0,10,10,5,1,0,1,25,18.5,1,L,2
7,2015-11-08,30-313,CLE,IND,W (+4),35:01,10,23,0.435,0,3,0.0,9,14,0.643,0,6,6,4,0,0,2,29,17.5,1,W,4
8,2015-11-10,30-315,CLE,UTA,W (+4),37:51,11,19,0.579,1,3,0.333,8,12,0.667,3,4,7,8,2,0,5,31,25.6,4,W,4
10,2015-11-14,30-319,CLE,MIL,L (-3),45:03,13,27,0.481,5,11,0.455,6,12,0.5,4,8,12,5,1,3,7,37,24.5,-2,L,3
11,2015-11-17,30-322,CLE,DET,L (-5),39:48,11,21,0.524,4,7,0.571,4,5,0.8,0,6,6,3,0,0,4,30,18.0,-6,L,5
15,2015-11-25,30-330,CLE,TOR,L (-4),39:46,6,16,0.375,1,5,0.2,11,12,0.917,2,4,6,8,0,0,2,24,20.6,13,L,4
16,2015-11-27,30-332,CLE,CHO,W (+5),38:13,8,20,0.4,2,5,0.4,7,9,0.778,2,11,13,5,0,0,3,25,17.8,1,W,5
17,2015-11-28,30-333,CLE,BRK,W (+2),35:43,10,22,0.455,1,6,0.167,5,6,0.833,2,7,9,5,1,0,2,26,20.2,-1,W,2
20,2015-12-08,30-343,CLE,POR,W (+5),40:20,14,24,0.583,1,3,0.333,4,4,1.0,1,9,10,3,2,3,2,33,28.2,7,W,5
23,2015-12-17,30-352,CLE,OKC,W (+4),39:37,12,27,0.444,2,5,0.4,7,8,0.875,2,7,9,11,2,0,7,33,23.9,5,W,4
28,2015-12-28,30-363,CLE,PHO,W (+4),35:23,4,10,0.4,1,5,0.2,5,9,0.556,0,4,4,7,2,1,2,14,12.6,3,W,4
35,2016-01-12,31-013,CLE,DAL,W (+3),41:43,9,17,0.529,3,6,0.5,6,8,0.75,3,7,10,7,2,0,4,27,24.2,2,W,3
36,2016-01-14,31-015,CLE,SAS,L (-4),37:20,9,17,0.529,1,3,0.333,3,4,0.75,2,5,7,5,0,0,4,22,14.1,9,L,4
46,2016-02-01,31-033,CLE,IND,W (+5),43:35,9,22,0.409,0,5,0.0,6,10,0.6,2,10,12,6,2,1,1,24,20.1,-1,W,5
48,2016-02-05,31-037,CLE,BOS,L (-1),38:05,9,23,0.391,0,5,0.0,12,17,0.706,3,4,7,4,2,1,6,30,17.5,-7,L,1
56,2016-02-26,31-058,CLE,TOR,L (-2),40:29,9,18,0.5,2,4,0.5,5,9,0.556,1,7,8,7,1,0,6,25,16.3,10,L,2
57,2016-02-29,31-061,CLE,IND,W (+4),36:49,14,22,0.636,2,4,0.5,3,5,0.6,0,5,5,4,2,0,5,33,22.9,12,W,4
60,2016-03-07,31-068,CLE,MEM,L (-3),37:38,11,19,0.579,2,4,0.5,4,5,0.8,2,7,9,5,1,0,4,28,21.9,-9,L,3
72,2016-04-01,31-093,CLE,ATL,W (+2),44:25,12,26,0.462,1,5,0.2,4,5,0.8,3,13,16,9,3,1,3,29,26.6,6,W,2
75,2016-04-09,31-101,CLE,CHI,L (-3),38:33,13,17,0.765,4,5,0.8,3,4,0.75,3,4,7,3,0,1,4,33,27.6,7,L,3
2,2016-10-28,31-303,CLE,TOR,W (+3),38:40,7,16,0.438,2,6,0.333,5,7,0.714,2,6,8,7,0,0,5,21,14.1,0,W,3
6,2016-11-05,31-311,CLE,PHI,W (+1),35:52,9,23,0.391,1,5,0.2,6,7,0.857,1,7,8,14,2,1,5,25,22.0,11,W,1
7,2016-11-08,31-314,CLE,ATL,L (-4),36:52,8,17,0.471,2,5,0.4,5,5,1.0,2,7,9,5,3,0,1,23,22.1,7,L,4
10,2016-11-15,31-321,CLE,TOR,W (+4),38:04,10,15,0.667,2,5,0.4,6,10,0.6,0,9,9,15,1,0,5,28,28.3,1,W,4
14,2016-11-27,31-333,CLE,PHI,W (+4),41:30,9,19,0.474,1,4,0.25,7,9,0.778,2,8,10,13,1,0,5,26,24.4,2,W,4
18,2016-12-05,31-341,CLE,TOR,W (+4),42:01,12,26,0.462,2,7,0.286,8,9,0.889,3,5,8,7,2,0,1,34,28.9,9,W,4
27,2016-12-25,31-361,CLE,GSW,W (+1),40:11,12,22,0.545,4,8,0.5,3,7,0.429,5,8,13,4,2,1,5,31,24.4,4,W,1
33,2017-01-08,32-009,CLE,PHO,W (+4),39:31,11,17,0.647,2,4,0.5,4,6,0.667,3,5,8,4,1,0,7,28,18.9,-2,W,4
39,2017-01-21,32-022,CLE,SAS,L (-3),45:20,11,16,0.688,2,5,0.4,5,7,0.714,0,6,6,7,2,0,7,29,21.1,-16,L,3
40,2017-01-23,32-024,CLE,NOP,L (-2),43:43,11,21,0.524,1,4,0.25,3,4,0.75,2,8,10,12,2,0,6,26,22.7,-10,L,2
41,2017-01-25,32-026,CLE,SAC,L (-4),44:49,8,15,0.533,0,3,0.0,8,11,0.727,4,9,13,11,2,1,5,24,25.2,-1,L,4
47,2017-02-06,32-038,CLE,WAS,W (+5),42:04,12,18,0.667,6,8,0.75,2,5,0.4,0,7,7,17,2,2,6,32,32.0,0,W,5
55,2017-03-01,32-061,CLE,BOS,L (-4),40:02,10,21,0.476,3,6,0.5,5,8,0.625,5,8,13,10,1,1,4,28,25.5,-3,L,4
56,2017-03-03,32-063,CLE,ATL,W (+5),39:10,14,27,0.519,6,10,0.6,4,8,0.5,1,12,13,8,0,0,2,38,29.4,5,W,5
58,2017-03-09,32-069,CLE,DET,L (-5),39:05,12,22,0.545,0,6,0.0,5,8,0.625,4,10,14,10,1,0,3,29,27.6,18,L,5
60,2017-03-12,32-072,CLE,HOU,L (-5),40:10,12,20,0.6,4,11,0.364,2,3,0.667,0,7,7,5,2,0,8,30,19.2,-9,L,5
63,2017-03-19,32-079,CLE,LAL,W (+5),37:51,13,22,0.591,3,8,0.375,5,8,0.625,0,6,6,7,1,0,3,34,26.5,12,W,5
70,2017-04-02,32-093,CLE,IND,W (+5),51:39,16,29,0.552,3,10,0.3,6,12,0.5,4,10,14,11,2,1,1,41,38.3,-1,W,5
74,2017-04-09,32-100,CLE,ATL,L (-1),46:50,11,21,0.524,1,3,0.333,9,10,0.9,3,13,16,10,1,0,3,32,29.9,1,L,1
1,2017-10-17,32-291,CLE,BOS,W (+3),41:12,12,19,0.632,1,5,0.2,4,4,1.0,1,15,16,9,0,2,4,29,28.2,2,W,3
5,2017-10-25,32-299,CLE,BRK,L (-5),41:22,12,20,0.6,1,2,0.5,4,8,0.5,1,9,10,13,0,4,8,29,25.1,-2,L,5
10,2017-11-05,32-310,CLE,ATL,L (-2),40:35,10,17,0.588,0,3,0.0,6,6,1.0,2,3,5,13,1,2,6,26,24.3,-4,L,2
11,2017-11-07,32-312,CLE,MIL,W (+5),36:42,10,20,0.5,2,4,0.5,8,10,0.8,1,7,8,9,3,0,1,30,29.9,6,W,5
12,2017-11-09,32-314,CLE,HOU,L (-4),40:01,15,24,0.625,1,4,0.25,2,3,0.667,0,4,4,7,1,1,8,33,20.0,5,L,4
14,2017-11-13,32-318,CLE,NYK,W (+3),36:16,7,14,0.5,2,4,0.5,7,10,0.7,3,6,9,12,0,3,5,23,23.8,2,W,3
16,2017-11-17,32-322,CLE,LAC,W (+5),46:08,17,26,0.654,4,9,0.444,1,5,0.2,1,13,14,6,0,0,6,39,28.8,1,W,5
19,2017-11-24,32-329,CLE,CHO,W (+1),39:34,10,20,0.5,3,8,0.375,4,7,0.571,1,15,16,13,0,3,3,27,28.4,-2,W,1
23,2017-12-02,32-337,CLE,MEM,W (+5),39:09,13,22,0.591,0,3,0.0,8,8,1.0,0,2,2,12,0,1,5,34,28.1,-5,W,5
26,2017-12-08,32-343,CLE,IND,L (-4),39:25,12,22,0.545,1,5,0.2,4,5,0.8,2,8,10,8,1,2,3,29,26.4,3,L,4
32,2017-12-19,32-354,CLE,MIL,L (-3),34:14,14,22,0.636,6,11,0.545,5,5,1.0,0,1,1,7,3,2,7,39,31.4,-7,L,3
33,2017-12-21,32-356,CLE,CHI,W (+3),39:06,12,23,0.522,2,5,0.4,8,8,1.0,1,5,6,9,3,0,4,34,29.8,5,W,3
36,2017-12-30,33-000,CLE,UTA,L (-3),37:27,12,22,0.545,1,7,0.143,4,5,0.8,1,7,8,6,2,1,6,29,21.3,-5,L,3
39,2018-01-06,33-007,CLE,ORL,W (+4),37:17,12,23,0.522,4,7,0.571,5,7,0.714,3,7,10,9,6,1,3,33,34.7,15,W,4
42,2018-01-12,33-013,CLE,IND,L (-2),40:27,11,25,0.44,2,9,0.222,3,4,0.75,2,6,8,11,3,1,5,27,22.3,-6,L,2
44,2018-01-18,33-019,CLE,ORL,W (+1),34:47,7,16,0.438,0,4,0.0,2,8,0.25,1,4,5,6,1,0,6,16,5.9,-4,W,1
50,2018-01-31,33-032,CLE,MIA,W (+2),38:17,8,21,0.381,1,6,0.167,7,11,0.636,2,9,11,5,1,0,7,24,12.1,3,W,2
53,2018-02-07,33-039,CLE,MIN,W (+2),48:19,16,22,0.727,5,7,0.714,0,2,0.0,1,9,10,15,1,1,5,37,36.6,-1,W,2
64,2018-03-07,33-067,CLE,DEN,W (+5),39:08,15,25,0.6,5,8,0.625,4,8,0.5,1,7,8,10,1,0,3,39,32.9,8,W,5
69,2018-03-17,33-077,CLE,CHI,W (+5),39:53,15,26,0.577,2,8,0.25,1,4,0.25,1,12,13,12,1,2,6,33,27.5,-4,W,5
71,2018-03-21,33-081,CLE,TOR,W (+3),39:24,11,19,0.579,1,3,0.333,12,14,0.857,1,6,7,17,1,0,0,35,39.9,12,W,3
